state,rent_volatility
MT,11.76869984
VT,8.26682900
WY,6.73194066
ME,6.41670352
UT,6.14511196
LA,2.14084200
MI,2.06087800
AL,1.90338900
MO,1.86408000
OH,1.74993700
