state,rent_volatility
MT,11.76869984
VT,8.266829
WY,6.73194066
ME,6.41670352
UT,6.14511196
LA,2.14084189
MI,2.06087845
AL,1.90338882
MO,1.86408047
OH,1.74993743
